Workbook

Sheet Instructions
A1: How to fill in this calibration sheet
A3: Purpose: the vision model's page counts are ~3x too high on the one page we hand-checked. These 25 hand counts tell us whether that bias is CONSTANT (harmless for ranking) or varies by page type (which would distort the ranking). Only the yellow columns need filling in.
A5: Open each image from the path in column A, relative to the ollama folder.
A7: WHAT TO ENTER
A8: page_type | B8: Pick from the dropdown. Judge the layout, not the content.
A9: is_spread | B9: 1 if the scan shows a single book page, 2 if it shows a two-page spread. This matters: page_count may count leaves rather than scans.
A10: filled_entries | B10: How many record rows are actually FILLED IN with handwriting. A pre-printed but empty form is 0, however many ruled lines it has. Count across the whole image, both halves of a spread.
A11: names_per_entry | B11: How many DIFFERENT PEOPLE each filled row names. You can read this off the PRINTED column headers -- see the cheat sheet below -- so you do not need to read the handwriting. A birth register naming child + father + mother is 3. A plain name list is 1.
A12: other_names | B12: Any people named OUTSIDE the rows (in narrative text, margins, signatures). Rough estimate is fine. Use 0 if none, and leave blank if you truly cannot tell.
A13: hard_to_tell | B13: Put an x if you are guessing. Not a failure -- it tells us which page types the model and a human BOTH find ambiguous, which is worth knowing.
A14: notes | B14: Anything odd: damaged page, names on the facing page only, mixed content, etc.
A16: total_people is computed for you (filled_entries x names_per_entry + other_names) -- do not type in it.
A18: CHEAT SHEET -- printed column headers on common forms
A19: These are PRINTED (not handwritten), so they are much easier to read. They tell you how many people a row names.
A20: Кто родился / Кто родился и какое ему дано имя | B20: 'Who was born / and what name was given' -> the child = 1 person
A21: Состояние отца, имена отца и матери | B21: 'Father's status, names of father and mother' -> +2 people (father, mother)
A22: О родившихся | B22: 'On births' -> a birth register. Typically 3 people per row.
A23: О бракосочетавшихся | B23: 'On marriages' -> often 4+ per row (groom, bride, and their fathers)
A24: О умерших | B24: 'On deaths' -> often 1-2 per row (deceased, sometimes a relative)
A25: Кто совершал обряд обрезания | B25: 'Who performed the circumcision' -> +1 person if that column is filled
A26: Ревизская сказка / посемейный список | B26: revision list / household list -> often a whole family per row; count the names you see
A27: количество земли / повинности | B27: 'quantity of land / obligations' -> numeric columns only, usually 0 people. Names are often on the FACING page -- note that in notes.
A29: If a page is a numeric continuation with no names, enter filled_entries as the number of filled numeric rows and names_per_entry as 0. That combination is real and we want it.

Sheet Calibration
A1: CONTEXT (already filled in -- do not edit) | J1: YOUR COUNTS (fill in the yellow cells)
A2: image_file | B2: label | C2: archive | D2: doc_type | E2: priority | F2: doc_page_count | G2: model_page_type | H2: model_filled_entries | I2: model_named | J2: page_type | K2: is_spread | L2: filled_entries | M2: names_per_entry | N2: other_names | O2: total_people | P2: hard_to_tell | Q2: notes
A3: data/pages/7106/00006.jpg | B3: CDIAK/1150/1/51 | C3: CDIAK | D3: V | E3: P1 | F3: 10 | G3: register_table | H3: 12 | I3: 30 | J3: register_table | K3: 2 | L3: 4 | M3: 3 | O3: =IF(COUNT(L3,M3)<2,"",L3*M3+IF(N3="",0,N3)) -> 12
A4: data/pages/33/00022.jpg | B4: TSDAVO/582/1/1374 | C4: TSDAVO | D4: O | E4: NO | F4: 51 | J4: name_list | K4: 1 | L4: 44 | M4: 1 | O4: =IF(COUNT(L4,M4)<2,"",L4*M4+IF(N4="",0,N4)) -> 44 | Q4: scan shows two pages, but not a spread
A5: data/pages/24007/00098.jpg | B5: DAKO/384/10/206 | C5: DAKO | D5: C | E5: NO | F5: 235 | J5: register_table | K5: 2 | L5: 2 | M5: 1 | O5: =IF(COUNT(L5,M5)<2,"",L5*M5+IF(N5="",0,N5)) -> 2
A6: data/pages/36/00299.jpg | B6: TSDAVO/582/1/444 | C6: TSDAVO | D6: L | E6: NO | F6: 557 | J6: other | K6: 1 | O6: =IF(COUNT(L6,M6)<2,"",L6*M6+IF(N6="",0,N6)) | P6: x
A7: data/pages/28885/00022.jpg | B7: DAKO/R-4205/1/76 | C7: DAKO | D7: P | E7: NO | F7: 49 | J7: form | K7: 1 | L7: 1 | M7: 1 | O7: =IF(COUNT(L7,M7)<2,"",L7*M7+IF(N7="",0,N7)) -> 1 | Q7: high value, includes photo, passport application?
A8: data/pages/25358/00045.jpg | B8: DAKO/384/8/163 | C8: DAKO | D8: O,L | E8: P2 | F8: 102 | J8: register_table | K8: 2 | L8: 4 | M8: 1 | O8: =IF(COUNT(L8,M8)<2,"",L8*M8+IF(N8="",0,N8)) -> 4
A9: data/pages/7156/00091.jpg | B9: CDIAK/1162/1/28 | C9: CDIAK | D9: V | E9: P1 | F9: 207 | G9: register_table | H9: 6 | I9: 18 | J9: register_table | K9: 2 | L9: 4 | M9: 3 | O9: =IF(COUNT(L9,M9)<2,"",L9*M9+IF(N9="",0,N9)) -> 12
A10: data/pages/7150/00143.jpg | B10: CDIAK/491/96/95 | C10: CDIAK | D10: O | E10: P1 | F10: 254 | G10: register_table | H10: 3 | I10: 0 | J10: register_table | K10: 1 | L10: 0 | M10: 0 | O10: =IF(COUNT(L10,M10)<2,"",L10*M10+IF(N10="",0,N10)) -> 0
A11: data/pages/7128/00596.jpg | B11: CDIAK/57/1/37 | C11: CDIAK | D11: C | E11: P2 | F11: 1101 | J11: blank_or_illegible | K11: 1 | L11: 0 | M11: 0 | O11: =IF(COUNT(L11,M11)<2,"",L11*M11+IF(N11="",0,N11)) -> 0
A12: data/pages/7305/00003.jpg | B12: CDIAK/515/1/134 | C12: CDIAK | D12: L | E12: P1 | F12: 7 | G12: cover_or_title | H12: 0 | I12: 1 | J12: cover_or_title | K12: 1 | L12: 0 | M12: 0 | O12: =IF(COUNT(L12,M12)<2,"",L12*M12+IF(N12="",0,N12)) -> 0
A13: data/pages/67287/00011.jpg | B13: DAKO/1/67/89 | C13: DAKO | D13: P | E13: P2 | F13: 25 | J13: prose | K13: 1 | L13: 0 | M13: 0 | O13: =IF(COUNT(L13,M13)<2,"",L13*M13+IF(N13="",0,N13)) -> 0
A14: data/pages/20301/00021.jpg | B14: DAKIRO/R-7915/1/498 | C14: DAKIRO | D14: V | E14: NO | F14: 45 | J14: form | K14: 1 | L14: 1 | M14: 1 | O14: =IF(COUNT(L14,M14)<2,"",L14*M14+IF(N14="",0,N14)) -> 1 | Q14: 2 pages are scanned. Only right is filled.
A15: data/pages/64406/00004.jpg | B15: DAKIRO/225/1/44 | C15: DAKIRO | D15: O | E15: P2 | F15: 9 | J15: prose | K15: 2 | L15: 0 | M15: 0 | O15: =IF(COUNT(L15,M15)<2,"",L15*M15+IF(N15="",0,N15)) -> 0
A16: data/pages/35801/00007.jpg | B16: DAMO/R-2847/1/507 | C16: DAMO | D16: C | E16: NO | F16: 13 | J16: register_table | K16: 2 | L16: 5 | M16: 1 | O16: =IF(COUNT(L16,M16)<2,"",L16*M16+IF(N16="",0,N16)) -> 5 | Q16: looks like a land record?
A17: data/pages/7105/00088.jpg | B17: CDIAK/127/699/73 | C17: CDIAK | D17: L | E17: P1 | F17: 192 | G17: prose | H17: 1 | I17: 3 | J17: prose | K17: 2 | L17: 0 | M17: 0 | O17: =IF(COUNT(L17,M17)<2,"",L17*M17+IF(N17="",0,N17)) -> 0 | Q17: scan of two pages, but not a table
A18: data/pages/143428/00021.jpg | B18: DACHGO/151/1/965 | C18: DACHGO | D18: V | E18: P2 | F18: 47 | J18: prose | K18: 1 | L18: 0 | M18: 0 | O18: =IF(COUNT(L18,M18)<2,"",L18*M18+IF(N18="",0,N18)) -> 0 | Q18: letter
A19: data/pages/76799/00019.jpg | B19: TSDAVO/4/1/32 | C19: TSDAVO | D19: O | E19: P2 | F19: 39 | J19: prose | K19: 1 | L19: 0 | M19: 0 | O19: =IF(COUNT(L19,M19)<2,"",L19*M19+IF(N19="",0,N19)) -> 0 | Q19: letter or note
A20: data/pages/7101/00596.jpg | B20: CDIAK/57/1/47 | C20: CDIAK | D20: C | E20: P2 | F20: 1102 | J20: register_table | K20: 1 | L20: 3 | M20: 1 | O20: =IF(COUNT(L20,M20)<2,"",L20*M20+IF(N20="",0,N20)) -> 3 | Q20: a lot of text per entry - not seemingly a vital record
A21: data/pages/8903/00152.jpg | B21: DAHMO/R-6453/1/74 | C21: DAHMO | D21: V | E21: P1 | F21: 289 | J21: form | K21: 1 | L21: 1 | M21: 2 | O21: =IF(COUNT(L21,M21)<2,"",L21*M21+IF(N21="",0,N21)) -> 2
A22: data/pages/7164/00043.jpg | B22: CDIAK/274/1/1237 | C22: CDIAK | D22: O | E22: P2 | F22: 95 | J22: prose | K22: 2 | L22: 0 | M22: 0 | O22: =IF(COUNT(L22,M22)<2,"",L22*M22+IF(N22="",0,N22)) -> 0 | Q22: two page scan, one page blank with note
A23: data/pages/24408/00073.jpg | B23: DAKO/384/14/50 | C23: DAKO | D23: C | E23: NO | F23: 132 | J23: register_table | K23: 2 | L23: 0 | M23: 0 | O23: =IF(COUNT(L23,M23)<2,"",L23*M23+IF(N23="",0,N23)) -> 0 | Q23: ten rows all empty
A24: data/pages/35071/00075.jpg | B24: DAMO/484/1/1706 | C24: DAMO | D24: V | E24: P1 | F24: 143 | J24: register_table | K24: 2 | L24: 3 | M24: 1 | O24: =IF(COUNT(L24,M24)<2,"",L24*M24+IF(N24="",0,N24)) -> 3 | Q24: right side page is covered with a blank paper
A25: data/pages/26/00153.jpg | B25: TSDAVO/582/1/4716 | C25: TSDAVO | D25: O | E25: NO | F25: 294 | J25: form | K25: 2 | L25: 0 | M25: 0 | O25: =IF(COUNT(L25,M25)<2,"",L25*M25+IF(N25="",0,N25)) -> 0 | Q25: bookkeeping - no names
A26: data/pages/7302/00194.jpg | B26: CDIAK/57/1/171 | C26: CDIAK | D26: C | E26: NO | F26: 458 | J26: other | K26: 2 | L26: 0 | M26: 0 | O26: =IF(COUNT(L26,M26)<2,"",L26*M26+IF(N26="",0,N26)) -> 0 | Q26: looks like a notary register
A27: data/pages/20314/00156.jpg | B27: DAKIRO/R-7915/2/20 | C27: DAKIRO | D27: V | E27: P1 | F27: 305 | J27: register_table | K27: 2 | L27: 1 | M27: 1 | O27: =IF(COUNT(L27,M27)<2,"",L27*M27+IF(N27="",0,N27)) -> 1 | Q27: form - multiple entries but one record per page
A29: EXAMPLE (hand-checked earlier -- shows the expected format; do not edit)
A30: data/pages/7106/00006.jpg | B30: CDIAK/1150/1/51 | C30: CDIAK | D30: V | E30: P1 | F30: 10 | G30: register_table | H30: 12 | I30: 30 | J30: register_table | K30: 2 | L30: 4 | M30: 3 | N30: 0 | O30: 12 | Q30: 4 birth rows across a 2-page spread; each names child+father+mother

Sheet Summary
A1: Calibration summary
A2: Fills in automatically as you complete the Calibration sheet. The ratio columns are the answer we are after: if they are similar across page types, the model's bias is constant and ranking is unaffected.
A4: page_type | B4: n pages | C4: hand total_people | D4: model named | E4: model/hand ratio
A5: register_table | B5: =COUNTIFS(Calibration!$J$3:$J$27,$A5) -> 10 | C5: =SUMIFS(Calibration!$O$3:$O$27,Calibration!$J$3:$J$27,$A5) -> 42 | D5: =SUMIFS(Calibration!$I$3:$I$27,Calibration!$J$3:$J$27,$A5) -> 48 | E5: =IFERROR(D5/C5,"") -> 1.1428571
A6: name_list | B6: =COUNTIFS(Calibration!$J$3:$J$27,$A6) -> 1 | C6: =SUMIFS(Calibration!$O$3:$O$27,Calibration!$J$3:$J$27,$A6) -> 44 | D6: =SUMIFS(Calibration!$I$3:$I$27,Calibration!$J$3:$J$27,$A6) -> 0 | E6: =IFERROR(D6/C6,"") -> 0
A7: form | B7: =COUNTIFS(Calibration!$J$3:$J$27,$A7) -> 4 | C7: =SUMIFS(Calibration!$O$3:$O$27,Calibration!$J$3:$J$27,$A7) -> 4 | D7: =SUMIFS(Calibration!$I$3:$I$27,Calibration!$J$3:$J$27,$A7) -> 0 | E7: =IFERROR(D7/C7,"") -> 0
A8: prose | B8: =COUNTIFS(Calibration!$J$3:$J$27,$A8) -> 6 | C8: =SUMIFS(Calibration!$O$3:$O$27,Calibration!$J$3:$J$27,$A8) -> 0 | D8: =SUMIFS(Calibration!$I$3:$I$27,Calibration!$J$3:$J$27,$A8) -> 3 | E8: =IFERROR(D8/C8,"")
A9: index | B9: =COUNTIFS(Calibration!$J$3:$J$27,$A9) -> 0 | C9: =SUMIFS(Calibration!$O$3:$O$27,Calibration!$J$3:$J$27,$A9) -> 0 | D9: =SUMIFS(Calibration!$I$3:$I$27,Calibration!$J$3:$J$27,$A9) -> 0 | E9: =IFERROR(D9/C9,"")
A10: cover_or_title | B10: =COUNTIFS(Calibration!$J$3:$J$27,$A10) -> 1 | C10: =SUMIFS(Calibration!$O$3:$O$27,Calibration!$J$3:$J$27,$A10) -> 0 | D10: =SUMIFS(Calibration!$I$3:$I$27,Calibration!$J$3:$J$27,$A10) -> 1 | E10: =IFERROR(D10/C10,"")
A11: blank_or_illegible | B11: =COUNTIFS(Calibration!$J$3:$J$27,$A11) -> 1 | C11: =SUMIFS(Calibration!$O$3:$O$27,Calibration!$J$3:$J$27,$A11) -> 0 | D11: =SUMIFS(Calibration!$I$3:$I$27,Calibration!$J$3:$J$27,$A11) -> 0 | E11: =IFERROR(D11/C11,"")
A12: other | B12: =COUNTIFS(Calibration!$J$3:$J$27,$A12) -> 2 | C12: =SUMIFS(Calibration!$O$3:$O$27,Calibration!$J$3:$J$27,$A12) -> 0 | D12: =SUMIFS(Calibration!$I$3:$I$27,Calibration!$J$3:$J$27,$A12) -> 0 | E12: =IFERROR(D12/C12,"")
A13: ALL PAGES | B13: =COUNT(Calibration!$L$3:$L$27) -> 24 | C13: =SUM(Calibration!$O$3:$O$27) -> 90 | D13: =SUM(Calibration!$I$3:$I$27) -> 52 | E13: =IFERROR(D13/C13,"") -> 0.57777778
A15: Note: model columns are only populated for the 5 pages already scored; the remaining 20 will compare after the model is run over the full train split.
